/* drop all objects*/

/* create gameboard */

INSERT INTO GAME_BOARD(GAME_BOARD_ID) values (1);

/* corner
   WALL ID = 1:   (true, false, false, true)
   WALL ID = 2:   (true, true, false, false)
   WALL ID = 3:   (false, true, true, false)
   WALL ID = 4:   (false, false, true, true)

   straight
   WALL ID = 5:   (false, true, false, true)
   WALL ID = 6:   (true, false, true, false)

   T point
   WALL ID = 7:   (false, false, false, true)
   WALL ID = 8:   (false, true, false, false)
   WALL ID = 9:   (false, false, true, false)
   WALL ID = 10:  (true, false, false, false)
 */

/* insert MazeCards                                                                  N     E       S     W     */
INSERT INTO MAZECARD (MAZE_CARD_ID, ORIENTATION, NORTH_WALL, EAST_WALL, SOUTH_WALL, WEST_WALL, IMAGE_TYPE) VALUES (1, 0, true, false, false, true, 1);
INSERT INTO MAZECARD (MAZE_CARD_ID, ORIENTATION, NORTH_WALL, EAST_WALL, SOUTH_WALL, WEST_WALL, IMAGE_TYPE) VALUES (2, 0, true, false, false, true, 1);
INSERT INTO MAZECARD (MAZE_CARD_ID, ORIENTATION, NORTH_WALL, EAST_WALL, SOUTH_WALL, WEST_WALL, IMAGE_TYPE) VALUES (3, 270, false, false, true, true, 1);
INSERT INTO MAZECARD (MAZE_CARD_ID, ORIENTATION, NORTH_WALL, EAST_WALL, SOUTH_WALL, WEST_WALL, IMAGE_TYPE) VALUES (4, 270, false, false, true, true, 1);
INSERT INTO MAZECARD (MAZE_CARD_ID, ORIENTATION, NORTH_WALL, EAST_WALL, SOUTH_WALL, WEST_WALL, IMAGE_TYPE) VALUES (5, 0, true, false, false, true, 1);
INSERT INTO MAZECARD (MAZE_CARD_ID, ORIENTATION, NORTH_WALL, EAST_WALL, SOUTH_WALL, WEST_WALL, IMAGE_TYPE) VALUES (6, 180, false, true, true, false, 1);
INSERT INTO MAZECARD (MAZE_CARD_ID, ORIENTATION, NORTH_WALL, EAST_WALL, SOUTH_WALL, WEST_WALL, IMAGE_TYPE) VALUES (7, 0, true, false, false, true, 1);
INSERT INTO MAZECARD (MAZE_CARD_ID, ORIENTATION, NORTH_WALL, EAST_WALL, SOUTH_WALL, WEST_WALL, IMAGE_TYPE) VALUES (8, 0, true, false, false, true, 1);
INSERT INTO MAZECARD (MAZE_CARD_ID, ORIENTATION, NORTH_WALL, EAST_WALL, SOUTH_WALL, WEST_WALL, IMAGE_TYPE) VALUES (9, 90, true, true, false, false, 1);
INSERT INTO MAZECARD (MAZE_CARD_ID, ORIENTATION, NORTH_WALL, EAST_WALL, SOUTH_WALL, WEST_WALL, IMAGE_TYPE) VALUES (10, 0, true, false, false, true, 1);
INSERT INTO MAZECARD (MAZE_CARD_ID, ORIENTATION, NORTH_WALL, EAST_WALL, SOUTH_WALL, WEST_WALL, IMAGE_TYPE) VALUES (11, 180, false, true, true, false, 1);
INSERT INTO MAZECARD (MAZE_CARD_ID, ORIENTATION, NORTH_WALL, EAST_WALL, SOUTH_WALL, WEST_WALL, IMAGE_TYPE) VALUES (12, 180, false, true, true, false, 1);
INSERT INTO MAZECARD (MAZE_CARD_ID, ORIENTATION, NORTH_WALL, EAST_WALL, SOUTH_WALL, WEST_WALL, IMAGE_TYPE) VALUES (13, 0, true, false, false, true, 1);
INSERT INTO MAZECARD (MAZE_CARD_ID, ORIENTATION, NORTH_WALL, EAST_WALL, SOUTH_WALL, WEST_WALL, IMAGE_TYPE) VALUES (14, 90, true, true, false, false, 1);
INSERT INTO MAZECARD (MAZE_CARD_ID, ORIENTATION, NORTH_WALL, EAST_WALL, SOUTH_WALL, WEST_WALL, IMAGE_TYPE) VALUES (15, 90, true, true, false, false, 1);
INSERT INTO MAZECARD (MAZE_CARD_ID, ORIENTATION, NORTH_WALL, EAST_WALL, SOUTH_WALL, WEST_WALL, IMAGE_TYPE) VALUES (16, 0, true, false, false, true, 1);

INSERT INTO MAZECARD (MAZE_CARD_ID, ORIENTATION, NORTH_WALL, EAST_WALL, SOUTH_WALL, WEST_WALL, IMAGE_TYPE) VALUES (17, 0, false, true, false, true, 2);
INSERT INTO MAZECARD (MAZE_CARD_ID, ORIENTATION, NORTH_WALL, EAST_WALL, SOUTH_WALL, WEST_WALL, IMAGE_TYPE) VALUES (18, 0, false, true, false, true, 2);
INSERT INTO MAZECARD (MAZE_CARD_ID, ORIENTATION, NORTH_WALL, EAST_WALL, SOUTH_WALL, WEST_WALL, IMAGE_TYPE) VALUES (19, 0, false, true, false, true, 2);
INSERT INTO MAZECARD (MAZE_CARD_ID, ORIENTATION, NORTH_WALL, EAST_WALL, SOUTH_WALL, WEST_WALL, IMAGE_TYPE) VALUES (20, 0, false, true, false, true, 2);
INSERT INTO MAZECARD (MAZE_CARD_ID, ORIENTATION, NORTH_WALL, EAST_WALL, SOUTH_WALL, WEST_WALL, IMAGE_TYPE) VALUES (21, 0, false, true, false, true, 2);
INSERT INTO MAZECARD (MAZE_CARD_ID, ORIENTATION, NORTH_WALL, EAST_WALL, SOUTH_WALL, WEST_WALL, IMAGE_TYPE) VALUES (22, 0, false, true, false, true, 2);
INSERT INTO MAZECARD (MAZE_CARD_ID, ORIENTATION, NORTH_WALL, EAST_WALL, SOUTH_WALL, WEST_WALL, IMAGE_TYPE) VALUES (23, 0, false, true, false, true, 2);
INSERT INTO MAZECARD (MAZE_CARD_ID, ORIENTATION, NORTH_WALL, EAST_WALL, SOUTH_WALL, WEST_WALL, IMAGE_TYPE) VALUES (24, 90, true, false, true, false, 2);
INSERT INTO MAZECARD (MAZE_CARD_ID, ORIENTATION, NORTH_WALL, EAST_WALL, SOUTH_WALL, WEST_WALL, IMAGE_TYPE) VALUES (25, 90, true, false, true, false, 2);
INSERT INTO MAZECARD (MAZE_CARD_ID, ORIENTATION, NORTH_WALL, EAST_WALL, SOUTH_WALL, WEST_WALL, IMAGE_TYPE) VALUES (26, 90, true, false, true, false, 2);
INSERT INTO MAZECARD (MAZE_CARD_ID, ORIENTATION, NORTH_WALL, EAST_WALL, SOUTH_WALL, WEST_WALL, IMAGE_TYPE) VALUES (27, 0, false, true, false, true, 2);
INSERT INTO MAZECARD (MAZE_CARD_ID, ORIENTATION, NORTH_WALL, EAST_WALL, SOUTH_WALL, WEST_WALL, IMAGE_TYPE) VALUES (28, 90, true, false, true, false, 2);

INSERT INTO MAZECARD (MAZE_CARD_ID, ORIENTATION, NORTH_WALL, EAST_WALL, SOUTH_WALL, WEST_WALL, IMAGE_TYPE) VALUES (29, 180, false, true, true, false, 1);
INSERT INTO MAZECARD (MAZE_CARD_ID, ORIENTATION, NORTH_WALL, EAST_WALL, SOUTH_WALL, WEST_WALL, IMAGE_TYPE) VALUES (30, 180, false, true, true, false, 1);
INSERT INTO MAZECARD (MAZE_CARD_ID, ORIENTATION, NORTH_WALL, EAST_WALL, SOUTH_WALL, WEST_WALL, IMAGE_TYPE) VALUES (31, 180, false, true, true, false, 1);
INSERT INTO MAZECARD (MAZE_CARD_ID, ORIENTATION, NORTH_WALL, EAST_WALL, SOUTH_WALL, WEST_WALL, IMAGE_TYPE) VALUES (32, 180, false, true, true, false, 1);
INSERT INTO MAZECARD (MAZE_CARD_ID, ORIENTATION, NORTH_WALL, EAST_WALL, SOUTH_WALL, WEST_WALL, IMAGE_TYPE) VALUES (33, 180, false, true, true, false, 1);
INSERT INTO MAZECARD (MAZE_CARD_ID, ORIENTATION, NORTH_WALL, EAST_WALL, SOUTH_WALL, WEST_WALL, IMAGE_TYPE) VALUES (34, 180, false, true, true, false, 1);


/* fixed mazecards */
INSERT INTO MAZECARD (MAZE_CARD_ID, ORIENTATION, NORTH_WALL, EAST_WALL, SOUTH_WALL, WEST_WALL, IMAGE_TYPE) VALUES (35, 0, true, false, false, true, 1);
INSERT INTO MAZECARD (MAZE_CARD_ID, ORIENTATION, NORTH_WALL, EAST_WALL, SOUTH_WALL, WEST_WALL, IMAGE_TYPE) VALUES (36, 90, true, false, true, false, 2);
INSERT INTO MAZECARD (MAZE_CARD_ID, ORIENTATION, NORTH_WALL, EAST_WALL, SOUTH_WALL, WEST_WALL, IMAGE_TYPE) VALUES (37, 180, false, true, true, false, 1);
INSERT INTO MAZECARD (MAZE_CARD_ID, ORIENTATION, NORTH_WALL, EAST_WALL, SOUTH_WALL, WEST_WALL, IMAGE_TYPE) VALUES (38, 270, false, false, true, true, 1);

INSERT INTO MAZECARD (MAZE_CARD_ID, ORIENTATION, NORTH_WALL, EAST_WALL, SOUTH_WALL, WEST_WALL, IMAGE_TYPE) VALUES (39, 0, false, false, false, true, 3);
INSERT INTO MAZECARD (MAZE_CARD_ID, ORIENTATION, NORTH_WALL, EAST_WALL, SOUTH_WALL, WEST_WALL, IMAGE_TYPE) VALUES (40, 0, false, false, false, true, 3);
INSERT INTO MAZECARD (MAZE_CARD_ID, ORIENTATION, NORTH_WALL, EAST_WALL, SOUTH_WALL, WEST_WALL, IMAGE_TYPE) VALUES (41, 0, false, false, false, true, 3);

INSERT INTO MAZECARD (MAZE_CARD_ID, ORIENTATION, NORTH_WALL, EAST_WALL, SOUTH_WALL, WEST_WALL, IMAGE_TYPE) VALUES (42, 90, false, true, false, false, 3);
INSERT INTO MAZECARD (MAZE_CARD_ID, ORIENTATION, NORTH_WALL, EAST_WALL, SOUTH_WALL, WEST_WALL, IMAGE_TYPE) VALUES (43, 90, false, true, false, false, 3);
INSERT INTO MAZECARD (MAZE_CARD_ID, ORIENTATION, NORTH_WALL, EAST_WALL, SOUTH_WALL, WEST_WALL, IMAGE_TYPE) VALUES (44, 90, false, true, false, false, 3);

INSERT INTO MAZECARD (MAZE_CARD_ID, ORIENTATION, NORTH_WALL, EAST_WALL, SOUTH_WALL, WEST_WALL, IMAGE_TYPE) VALUES (45, 180, false, false, true, false, 3);
INSERT INTO MAZECARD (MAZE_CARD_ID, ORIENTATION, NORTH_WALL, EAST_WALL, SOUTH_WALL, WEST_WALL, IMAGE_TYPE) VALUES (46, 180, false, false, true, false, 3);

INSERT INTO MAZECARD (MAZE_CARD_ID, ORIENTATION, NORTH_WALL, EAST_WALL, SOUTH_WALL, WEST_WALL, IMAGE_TYPE) VALUES (47, 0, false, false, false, true, 3);

INSERT INTO MAZECARD (MAZE_CARD_ID, ORIENTATION, NORTH_WALL, EAST_WALL, SOUTH_WALL, WEST_WALL, IMAGE_TYPE) VALUES (48, 270, false, false, false, true, 3);
INSERT INTO MAZECARD (MAZE_CARD_ID, ORIENTATION, NORTH_WALL, EAST_WALL, SOUTH_WALL, WEST_WALL, IMAGE_TYPE) VALUES (49, 270, false, false, false, true, 3);
INSERT INTO MAZECARD (MAZE_CARD_ID, ORIENTATION, NORTH_WALL, EAST_WALL, SOUTH_WALL, WEST_WALL, IMAGE_TYPE) VALUES (50, 270, false, false, false, true, 3);

/* insert tiles (that are fixed on the gameboard) */
INSERT INTO TILE(TILE_ID, POSITION, IS_MOVEABLE, MAZE_CARD_ID, GAME_BOARD_ID) values (1, 1, FALSE, 35, 1);
INSERT INTO TILE(TILE_ID, POSITION, IS_MOVEABLE, MAZE_CARD_ID, GAME_BOARD_ID) values (2, 2, TRUE, 32, 1);
INSERT INTO TILE(TILE_ID, POSITION, IS_MOVEABLE, MAZE_CARD_ID, GAME_BOARD_ID) values (3, 3, FALSE, 45, 1);
INSERT INTO TILE(TILE_ID, POSITION, IS_MOVEABLE, MAZE_CARD_ID, GAME_BOARD_ID) values (4, 4, TRUE, 2, 1);
INSERT INTO TILE(TILE_ID, POSITION, IS_MOVEABLE, MAZE_CARD_ID, GAME_BOARD_ID) values (5, 5, FALSE, 46, 1);
INSERT INTO TILE(TILE_ID, POSITION, IS_MOVEABLE, MAZE_CARD_ID, GAME_BOARD_ID) values (6, 6, TRUE, 3, 1);
INSERT INTO TILE(TILE_ID, POSITION, IS_MOVEABLE, MAZE_CARD_ID, GAME_BOARD_ID) values (7, 7, FALSE, 36, 1);

INSERT INTO TILE(TILE_ID, POSITION, IS_MOVEABLE, MAZE_CARD_ID, GAME_BOARD_ID) values (8, 8, TRUE, 28, 1);
INSERT INTO TILE(TILE_ID, POSITION, IS_MOVEABLE, MAZE_CARD_ID, GAME_BOARD_ID) values (9, 9, TRUE, 7, 1);
INSERT INTO TILE(TILE_ID, POSITION, IS_MOVEABLE, MAZE_CARD_ID, GAME_BOARD_ID) values (10, 10, TRUE, 29, 1);
INSERT INTO TILE(TILE_ID, POSITION, IS_MOVEABLE, MAZE_CARD_ID, GAME_BOARD_ID) values (11, 11, TRUE, 18, 1);
INSERT INTO TILE(TILE_ID, POSITION, IS_MOVEABLE, MAZE_CARD_ID, GAME_BOARD_ID) values (12, 12, TRUE, 10, 1);
INSERT INTO TILE(TILE_ID, POSITION, IS_MOVEABLE, MAZE_CARD_ID, GAME_BOARD_ID) values (13, 13, TRUE, 33, 1);
INSERT INTO TILE(TILE_ID, POSITION, IS_MOVEABLE, MAZE_CARD_ID, GAME_BOARD_ID) values (14, 14, TRUE, 1, 1);


INSERT INTO TILE(TILE_ID, POSITION, IS_MOVEABLE, MAZE_CARD_ID, GAME_BOARD_ID) values (15, 15, FALSE, 42, 1);
INSERT INTO TILE(TILE_ID, POSITION, IS_MOVEABLE, MAZE_CARD_ID, GAME_BOARD_ID) values (16, 16, TRUE, 13, 1);
INSERT INTO TILE(TILE_ID, POSITION, IS_MOVEABLE, MAZE_CARD_ID, GAME_BOARD_ID) values (17, 17, FALSE, 43, 1);
INSERT INTO TILE(TILE_ID, POSITION, IS_MOVEABLE, MAZE_CARD_ID, GAME_BOARD_ID) values (18, 18, TRUE, 11, 1);
INSERT INTO TILE(TILE_ID, POSITION, IS_MOVEABLE, MAZE_CARD_ID, GAME_BOARD_ID) values (19, 19, FALSE, 48, 1);
INSERT INTO TILE(TILE_ID, POSITION, IS_MOVEABLE, MAZE_CARD_ID, GAME_BOARD_ID) values (20, 20, TRUE, 5, 1);
INSERT INTO TILE(TILE_ID, POSITION, IS_MOVEABLE, MAZE_CARD_ID, GAME_BOARD_ID) values (21, 21, FALSE, 47, 1);

INSERT INTO TILE(TILE_ID, POSITION, IS_MOVEABLE, MAZE_CARD_ID, GAME_BOARD_ID) values (22, 22, TRUE, 8, 1);
INSERT INTO TILE(TILE_ID, POSITION, IS_MOVEABLE, MAZE_CARD_ID, GAME_BOARD_ID) values (23, 23, TRUE, 30, 1);
INSERT INTO TILE(TILE_ID, POSITION, IS_MOVEABLE, MAZE_CARD_ID, GAME_BOARD_ID) values (24, 24, TRUE, 19, 1);
INSERT INTO TILE(TILE_ID, POSITION, IS_MOVEABLE, MAZE_CARD_ID, GAME_BOARD_ID) values (25, 25, TRUE, 4, 1);
INSERT INTO TILE(TILE_ID, POSITION, IS_MOVEABLE, MAZE_CARD_ID, GAME_BOARD_ID) values (26, 26, TRUE, 17, 1);
INSERT INTO TILE(TILE_ID, POSITION, IS_MOVEABLE, MAZE_CARD_ID, GAME_BOARD_ID) values (27, 27, TRUE, 22, 1);
INSERT INTO TILE(TILE_ID, POSITION, IS_MOVEABLE, MAZE_CARD_ID, GAME_BOARD_ID) values (28, 28, TRUE, 23, 1);

INSERT INTO TILE(TILE_ID, POSITION, IS_MOVEABLE, MAZE_CARD_ID, GAME_BOARD_ID) values (29, 29, FALSE, 44, 1);
INSERT INTO TILE(TILE_ID, POSITION, IS_MOVEABLE, MAZE_CARD_ID, GAME_BOARD_ID) values (30, 30, TRUE, 34, 1);
INSERT INTO TILE(TILE_ID, POSITION, IS_MOVEABLE, MAZE_CARD_ID, GAME_BOARD_ID) values (31, 31, FALSE, 39, 1);
INSERT INTO TILE(TILE_ID, POSITION, IS_MOVEABLE, MAZE_CARD_ID, GAME_BOARD_ID) values (32, 32, TRUE, 39, 1);
INSERT INTO TILE(TILE_ID, POSITION, IS_MOVEABLE, MAZE_CARD_ID, GAME_BOARD_ID) values (33, 33, FALSE, 49, 1);
INSERT INTO TILE(TILE_ID, POSITION, IS_MOVEABLE, MAZE_CARD_ID, GAME_BOARD_ID) values (34, 34, TRUE, 14, 1);
INSERT INTO TILE(TILE_ID, POSITION, IS_MOVEABLE, MAZE_CARD_ID, GAME_BOARD_ID) values (35, 35, FALSE, 50, 1);

INSERT INTO TILE(TILE_ID, POSITION, IS_MOVEABLE, MAZE_CARD_ID, GAME_BOARD_ID) values (36, 36, TRUE, 16, 1);
INSERT INTO TILE(TILE_ID, POSITION, IS_MOVEABLE, MAZE_CARD_ID, GAME_BOARD_ID) values (37, 37, TRUE, 9, 1);
INSERT INTO TILE(TILE_ID, POSITION, IS_MOVEABLE, MAZE_CARD_ID, GAME_BOARD_ID) values (38, 38, TRUE, 24, 1);
INSERT INTO TILE(TILE_ID, POSITION, IS_MOVEABLE, MAZE_CARD_ID, GAME_BOARD_ID) values (39, 39, TRUE, 27, 1);
INSERT INTO TILE(TILE_ID, POSITION, IS_MOVEABLE, MAZE_CARD_ID, GAME_BOARD_ID) values (40, 40, TRUE, 31, 1);
INSERT INTO TILE(TILE_ID, POSITION, IS_MOVEABLE, MAZE_CARD_ID, GAME_BOARD_ID) values (41, 41, TRUE, 26, 1);
INSERT INTO TILE(TILE_ID, POSITION, IS_MOVEABLE, MAZE_CARD_ID, GAME_BOARD_ID) values (42, 42, TRUE, 25, 1);

INSERT INTO TILE(TILE_ID, POSITION, IS_MOVEABLE, MAZE_CARD_ID, GAME_BOARD_ID) values (43, 43, FALSE, 37, 1);
INSERT INTO TILE(TILE_ID, POSITION, IS_MOVEABLE, MAZE_CARD_ID, GAME_BOARD_ID) values (44, 44, TRUE, 20, 1);
INSERT INTO TILE(TILE_ID, POSITION, IS_MOVEABLE, MAZE_CARD_ID, GAME_BOARD_ID) values (45, 45, FALSE, 40, 1);
INSERT INTO TILE(TILE_ID, POSITION, IS_MOVEABLE, MAZE_CARD_ID, GAME_BOARD_ID) values (46, 46, TRUE, 15, 1);
INSERT INTO TILE(TILE_ID, POSITION, IS_MOVEABLE, MAZE_CARD_ID, GAME_BOARD_ID) values (47, 47, FALSE, 41, 1);
INSERT INTO TILE(TILE_ID, POSITION, IS_MOVEABLE, MAZE_CARD_ID, GAME_BOARD_ID) values (48, 48, TRUE, 6, 1);
INSERT INTO TILE(TILE_ID, POSITION, IS_MOVEABLE, MAZE_CARD_ID, GAME_BOARD_ID) values (49, 49, FALSE, 38, 1);

INSERT INTO TILE(TILE_ID, POSITION, IS_MOVEABLE, MAZE_CARD_ID, GAME_BOARD_ID) values (50, 50, FALSE, 12, 1);


insert into GAME(game_id, start_date, TIME, STATUS, game_board_id) values (1, '2019-03-13 17:15:18.289464', null, 0, 1);



insert into player (PLAYER_ID, COLOR, name, CURRENT_POSITION, START_POSITION, GAME_ID, IS_TURN) values (1, 'DODGERBLUE', 'root', 14, 1, 1,false);
insert into player (PLAYER_ID, COLOR, name, CURRENT_POSITION, START_POSITION, GAME_ID, IS_TURN) values (2, 'GREEN', 'Kelly', 24, 42, 1,false);
insert into player (PLAYER_ID, COLOR, name, CURRENT_POSITION, START_POSITION, GAME_ID, IS_TURN) values (3, 'YELLOW', 'Tom', 4, 7, 1,false);
insert into player (PLAYER_ID, COLOR, name, CURRENT_POSITION, START_POSITION, GAME_ID, IS_TURN) values (4, 'RED', 'Tommy', 31, 49,1,false);

